City_ID,City,Country,Lat,Lng,Max Temp,Humidity,Cloudiness,Wind Speed,Current Description
0,Jamestown,US,42.097,-79.2353,80.19,69,20,10.36,few clouds
1,Castro,BR,-24.7911,-50.0119,67.53,68,100,2.04,moderate rain
2,Borogontsy,RU,62.6683,131.1683,68.43,86,98,3.83,light rain
3,Barcelos,PT,41.5388,-8.6151,86.92,53,33,6.55,scattered clouds
4,Pisco,PE,-13.7,-76.2167,65.01,72,3,9.22,haze
5,Atuona,PF,-9.8,-139.0333,77.95,77,21,21.03,few clouds
6,Mandalgovi,MN,45.7625,106.2708,67.78,34,91,8.97,overcast clouds
7,Bengkulu,ID,-3.8004,102.2655,76.44,90,73,3.38,broken clouds
8,Punta Arenas,CL,-53.15,-70.9167,39.31,70,0,27.63,clear sky
9,Lampazos De Naranjo,MX,27.0167,-100.5167,97.16,22,3,9.31,clear sky
10,Vaini,TO,-21.2,-175.2,75.74,65,84,20.11,broken clouds
11,Rocha,UY,-34.4833,-54.3333,53.08,55,0,14.07,clear sky
12,Luderitz,NA,-26.6481,15.1594,67.75,41,9,5.26,clear sky
13,Sensuntepeque,SV,13.8667,-88.6333,82.22,57,28,1.12,scattered clouds
14,Saint George,US,37.1041,-113.5841,102.63,22,0,18.41,clear sky
15,Busselton,AU,-33.65,115.3333,53.15,93,100,13.13,overcast clouds
16,Airai,TL,-8.9266,125.4092,53.1,84,31,2.51,scattered clouds
17,Ushuaia,AR,-54.8,-68.3,42.46,52,40,3.44,scattered clouds
18,Manavalakurichi,IN,8.1333,77.3,79.5,76,100,16.35,overcast clouds
19,Tautira,PF,-17.7333,-149.15,74.89,72,62,14.72,broken clouds
20,Yellowknife,CA,62.456,-114.3525,63.12,82,75,23.02,broken clouds
21,Port Elizabeth,ZA,-33.918,25.5701,77.09,59,0,1.14,clear sky
22,Cap Malheureux,MU,-19.9842,57.6142,70.47,67,38,11.99,scattered clouds
23,Inhambane,MZ,-23.865,35.3833,67.17,85,2,7.83,clear sky
24,Hami,CN,42.8,93.45,83.25,23,8,4.12,clear sky
25,Puerto Ayora,EC,-0.7393,-90.3518,78.76,86,74,5.99,broken clouds
26,Baykit,RU,61.67,96.37,51.66,96,71,3.27,broken clouds
27,Kaitangata,NZ,-46.2817,169.8464,42.12,90,90,3.15,overcast clouds
28,Hilo,US,19.7297,-155.09,88.29,85,100,5.75,overcast clouds
29,Raudeberg,NO,61.9875,5.1352,56.07,87,72,21.41,broken clouds
30,Bayji,IQ,34.9311,43.487,98.26,13,0,10.36,clear sky
31,Fort Nelson,CA,58.8053,-122.7002,71.96,45,68,3.42,broken clouds
32,Saskylakh,RU,71.9167,114.0833,46.87,59,90,5.91,overcast clouds
33,Fukue,JP,32.6881,128.8419,77.02,90,100,10.45,overcast clouds
34,Saint-Philippe,RE,-21.3585,55.7679,67.59,78,87,16.51,light rain
35,Mar Del Plata,AR,-38.0023,-57.5575,60.1,40,0,20.71,light rain
36,New Norfolk,AU,-42.7826,147.0587,38.7,75,92,3.0,overcast clouds
37,Lompoc,US,34.6391,-120.4579,91.02,79,0,8.05,clear sky
38,Albany,US,42.6001,-73.9662,91.45,43,37,4.0,scattered clouds
39,Ekhabi,RU,53.5102,142.9671,53.01,89,100,14.79,overcast clouds
40,Paamiut,GL,61.994,-49.6678,42.08,90,100,7.16,overcast clouds
41,Mo I Rana,NO,66.3128,14.1428,54.32,86,75,1.99,light rain
42,Maniitsoq,GL,65.4167,-52.9,42.44,94,100,15.23,moderate rain
43,Santa Cruz De Tenerife,ES,28.4682,-16.2546,83.91,72,20,19.57,few clouds
44,Coquimbo,CL,-29.9533,-71.3436,58.73,58,0,11.5,clear sky
45,Camacha,PT,33.0833,-16.3333,72.82,64,20,16.11,few clouds
46,Bandarbeyla,SO,9.4942,50.8122,76.84,80,13,35.77,few clouds
47,Kapaa,US,22.0752,-159.319,82.38,80,100,11.5,overcast clouds
48,Haines Junction,CA,60.7522,-137.5108,54.95,68,100,8.72,overcast clouds
49,Longyearbyen,SJ,78.2186,15.6401,48.04,81,75,2.3,broken clouds
50,Muscat,OM,23.6139,58.5922,95.02,57,100,1.43,overcast clouds
51,Taltal,CL,-25.4,-70.4833,62.64,59,0,5.88,clear sky
52,Rikitea,PF,-23.1203,-134.9692,74.35,78,100,17.54,overcast clouds
53,Hermanus,ZA,-34.4187,19.2345,59.81,81,0,8.52,clear sky
54,Hofn,IS,64.2539,-15.2082,62.62,51,20,14.97,few clouds
55,San Policarpo,PH,12.1791,125.5072,80.44,80,100,5.66,overcast clouds
56,Maningrida,AU,-12.0667,134.2667,62.44,96,94,7.23,overcast clouds
57,Aksu,CN,41.1231,80.2644,80.02,28,0,10.25,clear sky
58,Bethel,US,41.3712,-73.414,87.37,59,40,10.36,scattered clouds
59,Saint Anthony,US,45.0205,-93.218,89.24,50,0,6.91,clear sky
60,Codrington,AU,-38.2667,141.9667,48.58,67,96,18.19,overcast clouds
61,Qaanaaq,GL,77.484,-69.3632,46.33,58,67,0.72,broken clouds
62,Zabaykalsk,RU,49.6333,117.3167,59.74,94,98,8.05,overcast clouds
63,Avarua,CK,-21.2078,-159.775,69.85,88,75,4.61,light rain
64,Sitka,US,57.0531,-135.33,55.29,88,100,8.05,moderate rain
65,Hobart,AU,-42.8794,147.3294,39.06,82,75,17.27,broken clouds
66,Urumqi,CN,43.801,87.6005,83.35,21,75,4.47,broken clouds
67,Ponta Do Sol,PT,32.6667,-17.1,77.13,73,35,9.13,scattered clouds
68,Mahebourg,MU,-20.4081,57.7,70.25,65,45,22.91,scattered clouds
69,Dikson,RU,73.5069,80.5464,45.1,79,65,8.77,broken clouds
70,Tamiahua,MX,21.2667,-97.45,87.35,57,23,8.7,few clouds
71,Svetlogorsk,BY,52.6333,29.7333,55.27,92,79,6.91,broken clouds
72,Villefranche-De-Rouergue,FR,44.3333,2.0,99.03,14,6,3.96,clear sky
73,Cape Town,ZA,-33.9258,18.4232,61.88,84,2,7.0,clear sky
74,Qujing,CN,25.4833,103.7833,65.37,90,100,4.56,moderate rain
75,Athabasca,CA,54.7169,-113.2854,71.19,52,89,3.83,overcast clouds
76,Carire,BR,-3.9506,-40.4733,95.9,30,72,7.9,broken clouds
77,Klaksvik,FO,62.2266,-6.589,50.92,84,81,22.93,broken clouds
78,Gotsu,JP,35.0,132.2167,75.27,83,100,13.49,light rain
79,Sao Joao Da Barra,BR,-21.6403,-41.0511,84.29,71,87,17.76,overcast clouds
80,Mount Pleasant,US,32.7941,-79.8626,87.31,80,40,10.36,scattered clouds
81,Kaseda,JP,31.4167,130.3167,77.9,85,97,4.81,light rain
82,Ust-Maya,RU,60.4167,134.5333,66.38,72,0,2.66,clear sky
83,Saint-Georges,GD,12.0564,-61.7485,80.13,85,100,18.25,overcast clouds
84,Narsaq,GL,60.9167,-46.05,57.42,65,9,9.64,clear sky
85,Ilulissat,GL,69.2167,-51.1,60.82,36,20,10.36,few clouds
86,Berlevag,NO,70.8578,29.0864,55.4,87,100,5.75,overcast clouds
87,Bela,IN,25.9333,81.9833,96.4,43,74,13.06,broken clouds
88,Shar,KZ,49.5886,81.0453,67.84,64,74,4.05,broken clouds
89,Geraldton,AU,-28.7667,114.6,54.01,94,40,8.05,scattered clouds
90,Charters Towers,AU,-20.1,146.2667,57.34,88,33,6.33,scattered clouds
91,Chuy,UY,-33.6971,-53.4616,52.18,62,0,12.55,clear sky
92,Ochamchira,GE,42.7121,41.4721,72.09,88,55,3.33,broken clouds
93,Batagay-Alyta,RU,67.8006,130.4114,49.28,81,100,1.25,overcast clouds
94,Puerto Cabezas,NI,14.0351,-83.3888,85.95,65,20,11.56,few clouds
95,Hailar,CN,49.2,119.7,61.68,90,51,0.27,broken clouds
96,Alofi,NU,-19.0595,-169.9187,77.86,71,24,24.36,few clouds
97,Chokurdakh,RU,70.6333,147.9167,40.06,67,16,11.45,few clouds
98,Khatanga,RU,71.9667,102.5,57.81,62,100,5.06,overcast clouds
99,Alyangula,AU,-13.8483,136.4192,67.71,91,32,9.04,scattered clouds
100,Saldanha,ZA,-33.0117,17.9442,57.42,93,0,7.96,clear sky
101,Upernavik,GL,72.7868,-56.1549,41.18,86,53,15.14,broken clouds
102,Bujaru,BR,-1.515,-48.0447,93.52,39,82,6.24,broken clouds
103,Bairiki,KI,1.3292,172.9752,78.8,89,75,5.75,light rain
104,Georgetown,MY,5.4112,100.3354,84.13,85,20,0.0,few clouds
105,Maragogi,BR,-9.0122,-35.2225,77.02,77,19,12.97,few clouds
106,Leningradskiy,RU,69.3833,178.4167,31.98,82,60,21.79,broken clouds
107,San Cristobal,VE,7.7669,-72.225,80.78,58,78,7.31,broken clouds
108,Tuktoyaktuk,CA,69.4541,-133.0374,53.89,78,87,8.5,overcast clouds
109,Coahuayana,MX,18.7333,-103.6833,90.21,54,100,3.15,overcast clouds
110,Thompson,CA,55.7435,-97.8558,83.34,40,24,8.41,few clouds
111,Cabo San Lucas,MX,22.8909,-109.9124,92.61,29,0,6.91,clear sky
112,Butaritari,KI,3.0707,172.7902,81.77,74,99,10.4,overcast clouds
113,Pangkalanbuun,ID,-2.6833,111.6167,69.91,98,95,2.55,overcast clouds
114,Olovyannaya,RU,50.95,115.5667,60.85,92,100,1.16,overcast clouds
115,Mataura,NZ,-46.1927,168.8643,51.48,88,86,5.84,overcast clouds
116,Yulara,AU,-25.2406,130.9889,50.05,26,19,9.62,few clouds
117,Nizhniy Kuranakh,RU,58.8353,125.4869,65.86,81,43,1.68,scattered clouds
118,Tiksi,RU,71.6872,128.8694,36.77,78,99,4.21,overcast clouds
119,Makhinjauri,GE,41.6739,41.694,73.26,88,75,0.0,broken clouds
120,Lorengau,PG,-2.0226,147.2712,81.5,80,90,9.71,moderate rain
121,Sawankhalok,TH,17.316,99.8319,80.08,79,83,6.67,broken clouds
122,Richards Bay,ZA,-28.783,32.0377,66.79,80,0,11.83,clear sky
123,Umm Lajj,SA,25.0213,37.2685,86.13,58,70,5.82,broken clouds
124,Asau,RO,46.4333,26.4,69.28,49,30,8.39,scattered clouds
125,La Rioja,ES,42.25,-2.5,96.58,27,37,5.55,scattered clouds
126,Norilsk,RU,69.3535,88.2027,59.04,64,96,4.65,overcast clouds
127,Cap-Aux-Meules,CA,47.3821,-61.8597,63.48,88,33,17.52,scattered clouds
128,Kununurra,AU,-15.7667,128.7333,53.58,76,20,0.0,few clouds
129,Carahue,CL,-38.7,-73.1667,49.01,89,100,10.6,overcast clouds
130,Poum,NC,-20.2333,164.0167,72.93,73,33,18.54,scattered clouds
131,Umm Kaddadah,SD,13.6017,26.6876,93.36,29,13,6.13,few clouds
132,Isangel,VU,-19.55,169.2667,74.19,86,84,15.08,broken clouds
133,Show Low,US,34.2542,-110.0298,91.65,25,0,6.91,clear sky
134,Mayo,US,38.8876,-76.5119,87.91,77,0,6.91,clear sky
135,Banda Aceh,ID,5.5577,95.3222,79.74,81,84,4.59,broken clouds
136,Kruisfontein,ZA,-34.0033,24.7314,74.88,27,1,9.75,clear sky
137,Fayaoue,NC,-20.65,166.5333,73.06,78,100,17.13,overcast clouds
138,Vestmannaeyjar,IS,63.4427,-20.2734,52.79,87,40,16.11,scattered clouds
139,San Joaquin,US,37.9333,-121.3011,96.51,31,0,6.91,clear sky
140,East London,ZA,-33.0153,27.9116,67.14,52,0,5.75,clear sky
141,Amapa,BR,1.0,-52.0,87.21,58,38,2.37,scattered clouds
142,Guryevsk,RU,54.2833,85.9333,49.69,92,16,5.64,few clouds
143,Yahotyn,UA,50.2798,31.7625,57.78,59,46,9.42,scattered clouds
144,Coihaique,CL,-45.5752,-72.0662,40.95,70,75,6.91,broken clouds
145,Sibolga,ID,1.7427,98.7792,76.23,83,9,3.2,clear sky
146,Half Moon Bay,US,37.4636,-122.4286,83.88,70,75,17.27,mist
147,Fortuna,US,40.5982,-124.1573,59.99,76,37,8.68,scattered clouds
148,Petropavlovsk-Kamchatskiy,RU,53.0452,158.6483,52.39,100,100,2.24,mist
149,Ambilobe,MG,-13.2,49.05,71.73,56,60,6.22,broken clouds
150,Bosaso,SO,11.2842,49.1816,94.17,39,0,12.39,clear sky
151,Xai-Xai,MZ,-25.0519,33.6442,65.5,82,7,5.55,clear sky
152,Linfen,CN,36.0889,111.5189,81.86,44,42,0.34,scattered clouds
153,Lagoa,PT,39.05,-27.9833,70.92,89,52,10.67,broken clouds
154,Arraial Do Cabo,BR,-22.9661,-42.0278,82.26,57,0,11.5,clear sky
155,Kirkwall,GB,58.9848,-2.9587,60.85,88,40,3.44,scattered clouds
156,Mehamn,NO,71.0357,27.8492,55.35,76,40,6.91,scattered clouds
157,Jalakandapuram,IN,11.6978,77.873,76.15,88,100,3.98,overcast clouds
158,Necochea,AR,-38.5473,-58.7368,56.84,38,6,18.88,clear sky
159,Nikolskoye,RU,59.7035,30.7861,58.91,94,98,5.99,overcast clouds
160,Kraslava,LV,55.8951,27.168,56.3,85,69,4.72,broken clouds
161,Xinmin,CN,41.9908,122.8253,67.95,90,48,5.75,scattered clouds
162,Gao,ML,16.6362,1.637,98.37,27,13,10.27,few clouds
163,Novikovo,RU,51.1537,37.8879,61.02,72,97,5.23,overcast clouds
164,Severo-Kurilsk,RU,50.6789,156.125,53.06,97,100,0.98,overcast clouds
165,Taoudenni,ML,22.6783,-3.9836,112.41,9,70,14.45,broken clouds
166,Huarmey,PE,-10.0681,-78.1522,67.84,69,13,10.76,few clouds
167,Husavik,IS,66.0449,-17.3389,46.8,91,99,11.07,overcast clouds
168,Kamarion,GR,36.8,25.8167,78.1,73,0,31.74,clear sky
169,Auki,SB,-8.7676,160.7034,76.35,88,31,4.5,scattered clouds
170,Ramhormoz,IR,31.28,49.6035,104.81,8,0,3.42,clear sky
171,Padang,ID,-0.9492,100.3543,73.45,81,84,3.62,broken clouds
172,Souillac,MU,-20.5167,57.5167,70.05,67,47,21.92,scattered clouds
173,Iquique,CL,-20.2208,-70.1431,60.84,66,22,8.86,few clouds
174,Port Alfred,ZA,-33.5906,26.891,73.58,33,2,13.98,clear sky
175,Madhogarh,IN,26.276,79.1869,99.0,33,45,6.42,scattered clouds
176,Jinchang,CN,38.4953,102.1739,71.42,46,100,2.75,overcast clouds
177,Hobyo,SO,5.3505,48.5268,77.13,77,41,31.16,scattered clouds
178,Minas,UY,-34.3759,-55.2377,51.04,56,1,16.22,clear sky
179,Norman Wells,CA,65.282,-126.8329,69.62,57,86,2.95,overcast clouds
180,Kabalo,CD,-6.05,26.9167,82.45,36,59,2.84,broken clouds
181,Guilin,CN,25.2819,110.2864,79.74,93,100,0.56,overcast clouds
182,Buritis,BR,-15.6178,-46.4233,87.31,26,9,8.21,clear sky
183,Santiago Del Estero,AR,-27.7951,-64.2615,64.49,22,0,15.08,clear sky
184,Bluff,NZ,-46.6,168.3333,51.8,67,87,20.65,overcast clouds
185,Champerico,GT,14.3,-91.9167,84.11,74,76,5.99,broken clouds
186,Marienburg,PL,54.0359,19.0266,66.88,59,83,8.05,broken clouds
187,Urshelskiy,RU,55.6783,40.2169,63.14,66,95,3.13,overcast clouds
188,San Patricio,US,28.017,-97.5169,95.72,36,82,12.01,broken clouds
189,Clyde River,CA,70.4692,-68.5914,39.63,76,67,5.59,broken clouds
190,Bereda,ES,43.2686,-7.5406,88.41,56,42,4.45,light rain
191,Rio Esteban,HN,15.8333,-86.3,86.05,57,27,8.3,scattered clouds
192,Cortes,ES,41.9395,-1.4396,105.85,12,0,9.6,clear sky
193,Dicabisagan,PH,17.0818,122.4157,79.07,88,44,2.53,scattered clouds
194,Krasnoselkup,RU,65.7,82.4667,52.57,80,48,10.11,scattered clouds
195,Diamantino,BR,-14.4086,-56.4461,92.03,30,2,8.48,clear sky
196,Bubaque,GW,11.2833,-15.8333,81.27,84,95,13.35,light rain
197,Tuatapere,NZ,-46.1333,167.6833,55.13,61,61,12.08,broken clouds
198,Port Blair,IN,11.6667,92.75,81.28,84,100,9.1,overcast clouds
199,Port Lincoln,AU,-34.7333,135.8667,53.73,53,99,8.97,overcast clouds
200,Barrow,US,71.2906,-156.7887,35.62,93,100,13.8,overcast clouds
201,Sioux Lookout,CA,50.1001,-91.917,85.21,34,0,7.56,clear sky
202,Carnarvon,AU,-24.8667,113.6333,67.15,79,23,11.54,few clouds
203,Aguimes,ES,27.9054,-15.4461,75.67,65,40,34.52,scattered clouds
204,Vila Franca Do Campo,PT,37.7167,-25.4333,70.21,71,47,5.91,scattered clouds
205,Ust-Tsilma,RU,65.441,52.1498,68.32,55,60,4.43,broken clouds
206,Mabaruma,GY,8.2,-59.7833,83.28,81,33,5.12,scattered clouds
207,Nemuro,JP,43.3236,145.575,62.62,100,100,11.05,overcast clouds
208,San Quintin,MX,30.4833,-115.95,74.46,67,17,8.68,few clouds
209,Batemans Bay,AU,-35.7167,150.1833,52.11,65,51,7.87,broken clouds
210,Tenango,MX,18.65,-98.1833,82.44,37,100,3.67,overcast clouds
211,Porto Velho,BR,-8.7619,-63.9039,95.05,41,40,10.36,scattered clouds
212,Sept-Iles,CA,50.2001,-66.3821,68.05,67,59,5.99,broken clouds
213,Caravelas,BR,-17.7125,-39.2481,78.21,63,6,7.72,clear sky
214,Valdivia,CL,-39.8142,-73.2459,50.09,92,100,8.57,overcast clouds
215,Guerrero Negro,MX,27.9769,-114.0611,77.9,51,3,9.04,clear sky
216,Eyl,SO,7.9803,49.8164,78.17,73,51,32.53,broken clouds
217,Harper,LR,4.375,-7.7169,76.37,77,100,11.07,overcast clouds
218,Tasiilaq,GL,65.6145,-37.6368,50.16,78,88,6.06,overcast clouds
219,Ouahigouya,BF,13.5828,-2.4216,85.84,49,68,5.12,broken clouds
220,Prince Rupert,CA,54.3161,-130.3201,55.49,88,40,3.44,scattered clouds
221,Minggang,CN,32.4586,114.0486,79.18,69,25,0.69,scattered clouds
222,Balkanabat,TM,39.5108,54.3671,98.69,12,0,6.31,clear sky
223,Luganville,VU,-15.5333,167.1667,77.4,87,75,14.18,broken clouds
224,Usinsk,RU,65.9939,57.5281,63.27,90,99,1.23,overcast clouds
225,Chowchilla,US,37.123,-120.2602,108.01,17,0,10.36,clear sky
226,Beringovskiy,RU,63.05,179.3167,51.71,66,60,32.1,broken clouds
227,Manokwari,ID,-0.8667,134.0833,74.66,89,100,1.43,overcast clouds
228,Sao Miguel,BR,-5.4667,-35.3667,79.57,78,72,18.97,broken clouds
229,Vostok,RU,46.4856,135.8833,55.27,93,88,2.3,overcast clouds
230,Kodiak,US,57.79,-152.4072,60.31,63,75,4.61,broken clouds
231,Seydi,TM,39.4816,62.9137,95.31,11,0,12.3,clear sky
232,Quelimane,MZ,-17.8786,36.8883,64.85,95,41,4.7,light rain
233,Provideniya,RU,64.3833,-173.3,51.15,95,100,6.33,overcast clouds
234,Lebu,CL,-37.6167,-73.65,51.31,84,98,12.88,overcast clouds
235,Suez,EG,29.9737,32.5263,82.29,41,0,13.18,clear sky
236,Palazzolo Acreide,IT,37.0623,14.9035,79.92,33,0,1.52,clear sky
237,Salalah,OM,17.0151,54.0924,78.89,89,100,4.61,overcast clouds
238,Treinta Y Tres,UY,-33.2333,-54.3833,52.61,58,0,13.18,clear sky
239,Pevek,RU,69.7008,170.3133,31.03,94,100,35.19,light snow
240,Dunedin,NZ,-45.8742,170.5036,52.39,71,93,10.6,overcast clouds
241,Aranjuez,ES,40.0311,-3.6025,103.53,10,0,15.73,clear sky
242,Havre-Saint-Pierre,CA,50.2334,-63.5986,61.7,79,81,21.07,broken clouds
243,Mana,GF,5.6592,-53.7767,82.62,73,70,7.63,broken clouds
244,Corinto,GR,37.9407,22.9573,85.89,42,0,4.03,clear sky
245,Sorland,NO,67.667,12.6934,51.66,77,80,14.47,broken clouds
246,Solnechnyy,RU,50.7214,136.6319,60.12,78,91,3.29,overcast clouds
247,Lakhtar,IN,22.85,71.7833,83.37,77,97,13.76,light rain
248,Ribeira Grande,PT,38.5167,-28.7,77.4,73,20,18.41,few clouds
249,Kavieng,PG,-2.5744,150.7967,81.86,80,71,14.7,light rain
250,Kirakira,SB,-10.4544,161.9205,79.54,83,27,10.51,scattered clouds
251,Buta,CD,2.7858,24.73,75.0,72,21,0.81,light rain
252,Kavaratti,IN,10.5669,72.642,82.36,76,100,17.85,overcast clouds
253,Talas,TR,38.6908,35.5538,72.27,53,40,17.27,scattered clouds
254,Polahongon,PH,10.5288,124.9694,75.0,97,100,1.77,moderate rain
255,Thiruvananthapuram,IN,8.4833,76.9167,80.58,83,40,6.91,mist
256,Okhotsk,RU,59.3833,143.3,52.95,97,19,1.25,few clouds
257,Hualmay,PE,-11.0964,-77.6139,65.82,71,29,9.6,scattered clouds
258,Srednekolymsk,RU,67.45,153.6833,45.46,49,1,4.25,clear sky
259,Uray,RU,60.1247,64.7758,61.83,57,89,1.07,overcast clouds
260,Buala,SB,-8.145,159.5921,79.0,82,68,8.12,broken clouds
261,Nanortalik,GL,60.1432,-45.2371,43.68,82,51,12.3,broken clouds
262,Bambous Virieux,MU,-20.3428,57.7575,70.21,65,50,22.77,scattered clouds
263,Hamilton,US,39.1834,-84.5333,75.83,93,100,16.11,mist
264,Durham,US,36.0335,-78.8664,94.19,59,75,12.66,broken clouds
265,Asuncion,PY,-25.3007,-57.6359,60.24,55,40,3.44,scattered clouds
266,Alugan,PH,12.2188,125.4808,79.84,82,100,5.35,overcast clouds
267,Walvis Bay,NA,-22.9575,14.5053,71.1,43,13,10.85,few clouds
268,Marawi,PH,7.9986,124.2928,69.35,93,100,3.04,overcast clouds
269,Cidreira,BR,-30.1811,-50.2056,57.7,62,14,12.8,few clouds
270,Itupeva,BR,-23.1531,-47.0578,83.93,34,0,8.05,clear sky
271,Arauco,CL,-37.2463,-73.3175,49.26,93,100,5.19,overcast clouds
272,Great Bend,US,38.3645,-98.7648,86.13,58,0,11.5,clear sky
273,Mwense,ZM,-10.3845,28.698,68.0,39,51,7.4,broken clouds
274,Karratha,AU,-20.7377,116.8463,65.75,64,1,6.11,clear sky
275,Douglas,US,41.3,-96.167,85.39,62,40,5.75,scattered clouds
276,Cherskiy,RU,68.75,161.3,35.42,63,71,13.13,broken clouds
277,Lasa,IT,46.6166,10.7002,75.29,68,19,0.67,few clouds
278,Rosetta,EG,31.4044,30.4164,77.77,79,0,10.25,clear sky
279,Katherine,AU,-14.4667,132.2667,62.92,77,33,4.61,scattered clouds
280,Shubarshi,KZ,48.5872,57.1869,84.07,27,0,7.36,clear sky
281,Panguna,PG,-6.3164,155.4848,66.85,97,40,2.35,scattered clouds
282,Vao,NC,-22.6667,167.4833,70.32,74,93,18.77,overcast clouds
283,Kuusamo,FI,65.9667,29.1833,59.04,77,75,4.61,broken clouds
284,Ponta Delgada,PT,37.7333,-25.6667,70.52,88,75,17.27,broken clouds
285,Hammerfest,NO,70.6634,23.6821,48.65,100,75,10.36,broken clouds
286,Pujili,EC,-0.95,-78.6833,60.48,83,89,7.09,light rain
287,Ghatsila,IN,22.6,86.4833,79.36,91,21,8.08,few clouds
288,Takoradi,GH,4.8845,-1.7554,75.78,79,60,11.18,broken clouds
289,Rameshki,RU,57.3439,36.0453,57.15,76,73,1.43,broken clouds
290,Torbay,CA,47.6666,-52.7314,77.76,64,82,5.99,broken clouds
291,Meulaboh,ID,4.1363,96.1285,77.72,86,66,2.75,broken clouds
292,Saint-Pierre,RE,-21.3393,55.4781,69.91,72,40,14.97,scattered clouds
293,Bredasdorp,ZA,-34.5322,20.0403,55.6,86,0,6.31,clear sky
294,Quatre Cocos,MU,-20.2078,57.7625,70.09,65,53,22.46,broken clouds
295,Ahipara,NZ,-35.1667,173.1667,48.13,84,90,5.59,overcast clouds
296,Maldonado,UY,-34.6667,-54.9167,54.79,55,0,15.48,clear sky
297,Aljezur,PT,37.3191,-8.8033,72.3,72,57,9.73,broken clouds
298,Kodinsk,RU,58.6881,99.1844,54.99,84,72,4.09,broken clouds
299,Mitsamiouli,KM,-11.3847,43.2844,77.25,71,34,9.46,scattered clouds
300,Cockburn Town,TC,21.4612,-71.1419,82.76,77,3,20.96,clear sky
301,Huanren,CN,41.2647,125.3667,64.13,99,99,3.42,overcast clouds
302,Constitucion,CL,-35.3333,-72.4167,48.67,91,100,13.58,moderate rain
303,Ati,TD,13.2154,18.3353,79.88,70,88,11.34,overcast clouds
304,Sao Gabriel Da Cachoeira,BR,-0.1303,-67.0892,88.88,54,37,4.05,scattered clouds
305,Naze,JP,28.3667,129.4833,79.84,84,100,16.4,overcast clouds
306,Acapulco,MX,16.8634,-99.8901,87.62,62,75,3.44,broken clouds
307,Paraiso,CR,9.8383,-83.8656,76.06,64,69,4.72,broken clouds
308,Skjervoy,NO,70.0311,20.9714,51.8,84,100,4.34,light rain
309,Nelson Bay,AU,-32.7167,152.15,55.99,78,0,7.0,clear sky
310,Biltine,TD,14.5333,20.9167,75.25,90,91,18.79,heavy intensity rain
311,Araouane,ML,18.9048,-3.5265,103.57,22,83,8.97,broken clouds
312,Vredendal,ZA,-31.6683,18.5012,58.66,76,0,6.02,clear sky
313,Kahului,US,20.8947,-156.47,82.42,63,0,13.8,clear sky
314,Moerai,PF,-22.4333,-151.3333,72.32,66,58,19.89,broken clouds
315,Moshupa,BW,-24.7782,25.4155,56.48,50,0,3.53,clear sky
316,Siniscola,IT,40.5719,9.6922,85.55,57,0,5.77,clear sky
317,Kudahuvadhoo,MV,2.6708,72.8944,81.16,80,96,14.43,moderate rain
318,Tura,IN,25.5198,90.2201,76.73,92,65,5.57,broken clouds
319,Tutoia,BR,-2.7619,-42.2744,83.66,65,17,8.57,few clouds
320,Norden,DE,53.6,7.2,71.58,66,100,2.55,overcast clouds
321,Damnagar,IN,21.7,71.5167,80.46,83,98,11.41,overcast clouds
322,Faanui,PF,-16.4833,-151.75,76.59,72,62,19.1,light rain
323,Rio Gallegos,AR,-51.6226,-69.2181,32.05,74,75,8.05,broken clouds
324,Marsh Harbour,BS,26.5412,-77.0636,84.04,73,72,17.2,broken clouds
325,Maloy,NO,61.9353,5.1136,56.93,88,75,20.15,broken clouds
326,Kitui,KE,-1.367,38.0106,67.69,57,97,10.49,overcast clouds
327,Tumut,AU,-35.3,148.2167,38.19,98,72,5.14,broken clouds
328,Itacarambi,BR,-15.1022,-44.0919,88.03,20,4,6.87,clear sky
329,Lerwick,GB,60.1545,-1.1494,55.4,79,92,11.48,overcast clouds
330,Esperance,AU,-33.8667,121.9,53.26,86,100,10.09,light rain
331,Nouadhibou,MR,20.931,-17.0347,69.67,86,3,32.86,clear sky
332,Tarko-Sale,RU,64.9225,77.785,59.45,62,100,10.85,overcast clouds
333,Jaru,BR,-10.4389,-62.4664,98.02,27,4,5.86,clear sky
334,Hay River,CA,60.8156,-115.7999,73.08,45,100,7.47,overcast clouds
335,Sola,VU,-13.8833,167.55,80.96,75,87,23.31,overcast clouds
336,Victoria,HK,22.2855,114.1577,86.38,81,100,11.99,overcast clouds
337,Labuan,MY,5.2767,115.2417,81.43,75,100,4.29,overcast clouds
338,Cooma,AU,-36.2333,149.1333,32.74,83,48,6.08,scattered clouds
339,Kyrylivka,UA,46.3759,35.3675,74.82,60,55,15.17,broken clouds
340,Verkhnyaya Khava,RU,51.8404,39.9413,68.07,67,75,10.69,broken clouds
341,Dingle,PH,10.9995,122.6711,75.09,94,100,1.95,light rain
342,Gamboma,CG,-1.8764,15.8644,84.65,41,75,3.49,broken clouds
343,Viedma,AR,-40.8135,-62.9967,54.77,36,42,28.5,scattered clouds
344,Niquero,CU,20.0431,-77.5828,87.64,61,3,6.35,clear sky
345,Tateyama,JP,34.9833,139.8667,76.1,91,46,15.61,scattered clouds
346,Abnub,EG,27.2696,31.1511,92.03,19,2,10.27,clear sky
347,Simpang,ID,-1.2667,104.0833,75.58,91,80,1.59,broken clouds
348,Mount Isa,AU,-20.7333,139.5,47.97,81,3,0.0,clear sky
349,Dosso,NE,13.049,3.1937,86.45,54,92,4.99,overcast clouds
350,Kilindoni,TZ,-7.9139,39.6668,76.6,75,56,18.48,broken clouds
351,Itoman,JP,26.1247,127.6694,83.17,91,75,17.27,moderate rain
352,Cabo Rojo,PR,18.0866,-67.1457,92.25,67,24,8.01,few clouds
353,Grand Forks,US,47.9417,-97.4337,87.53,66,40,13.8,scattered clouds
354,Cascais,PT,38.6979,-9.4215,80.62,61,20,14.0,few clouds
355,Puerto Palomas,MX,31.7667,-107.6167,93.18,20,0,8.9,clear sky
356,Puerto Colombia,CO,10.9878,-74.9547,86.09,77,87,16.22,overcast clouds
357,Adrar,MR,20.5022,-10.0711,110.43,7,9,12.06,clear sky
358,Grindavik,IS,63.8424,-22.4338,52.27,82,75,11.5,broken clouds
359,Boende,CD,-0.2167,20.8667,75.81,85,95,0.63,overcast clouds
360,Bulgan,MN,48.8125,103.5347,58.59,65,13,1.95,few clouds
361,Puerto Escondido,MX,15.85,-97.0667,88.63,62,100,6.91,overcast clouds
362,Tommot,RU,58.9564,126.2925,65.75,91,60,1.23,broken clouds
363,Repelon,CO,10.4919,-75.1292,85.87,59,66,3.91,broken clouds
364,Long,TH,18.0761,99.8326,77.38,95,76,1.57,broken clouds
365,Peniche,PT,39.3558,-9.3811,75.29,80,2,8.52,clear sky
366,Laguna,US,38.421,-121.4238,100.09,40,0,5.75,clear sky
367,Bestobe,KZ,52.4994,73.0975,65.61,53,93,6.93,overcast clouds
368,Oga,IT,46.4631,10.347,72.14,65,8,2.73,clear sky
369,Byron Bay,AU,-28.65,153.6167,60.94,72,36,11.74,scattered clouds
370,Sri Aman,MY,1.2376,111.4621,74.82,84,98,1.95,overcast clouds
371,Turayf,SA,31.6725,38.6637,91.22,17,0,13.15,clear sky
372,Popondetta,PG,-8.7537,148.2534,72.73,86,40,2.68,scattered clouds
373,Colesberg,ZA,-30.72,25.0972,54.55,37,5,8.21,clear sky
374,Yala,TH,6.3333,101.25,75.38,96,79,2.57,broken clouds
375,Bay Roberts,CA,47.5999,-53.2648,79.52,46,76,10.51,broken clouds
376,Tessalit,ML,20.1986,1.0114,92.37,31,65,16.6,light rain
377,Juneau,US,58.3019,-134.4197,55.4,96,100,17.27,light rain
378,Forio,IT,40.7342,13.8646,86.81,76,0,10.0,clear sky
379,Kenai,US,60.5544,-151.2583,55.15,98,100,11.5,moderate rain
380,Vagamo,NO,61.8751,9.0967,62.06,52,86,5.86,overcast clouds
381,Lodja,CD,-3.4833,23.4333,80.98,40,63,2.24,broken clouds
382,Along,IN,28.1667,94.7667,76.21,98,66,0.63,broken clouds
383,Ancud,CL,-41.8697,-73.8203,43.23,85,71,17.09,moderate rain
384,Dudinka,RU,69.4058,86.1778,56.62,67,84,3.85,broken clouds
385,Ipanema,BR,-30.1391,-51.2244,57.65,71,75,11.5,broken clouds
386,Svetlaya,RU,46.5389,138.3297,57.65,89,100,5.7,moderate rain
387,Honningsvag,NO,70.9821,25.9704,53.35,76,100,3.44,overcast clouds
388,Kumbhraj,IN,24.3667,77.05,81.07,85,91,5.1,overcast clouds
389,Teya,RU,60.3778,92.6267,50.13,92,83,3.29,broken clouds
390,Boyolangu,ID,-8.1181,111.8935,72.48,92,82,3.11,broken clouds
391,Chifeng,CN,42.2683,118.9636,64.69,76,0,4.72,clear sky
392,Skibbereen,IE,51.55,-9.2667,69.12,74,100,4.23,overcast clouds
393,Sawtell,AU,-30.3833,153.1,50.02,87,8,6.91,clear sky
394,Nettuno,IT,41.4826,12.679,91.33,60,0,7.43,clear sky
395,Hithadhoo,MV,-0.6,73.0833,76.91,90,100,28.27,overcast clouds
396,Pocone,BR,-16.2567,-56.6228,88.11,35,19,3.38,few clouds
397,Kirkland Lake,CA,48.1446,-80.0377,82.45,35,18,5.14,few clouds
398,Alba,PL,52.0324,23.1165,59.83,72,71,4.9,broken clouds
399,Ozinki,RU,51.1786,49.6769,71.98,58,35,6.11,scattered clouds
400,Kiama,AU,-34.6833,150.8667,54.0,70,52,5.99,broken clouds
401,Mindelo,CV,16.8901,-24.9804,75.38,76,3,19.69,clear sky
402,Angoche,MZ,-16.2325,39.9086,70.57,84,33,4.94,light rain
403,Burns Lake,CA,54.2331,-125.7533,64.22,45,15,4.36,few clouds
404,Abbeville,FR,50.1,1.8333,84.49,17,77,8.61,broken clouds
405,Svobodnyy,RU,51.4,128.1333,63.18,95,47,5.61,scattered clouds
406,Deputatskiy,RU,69.3,139.9,43.05,73,96,1.66,overcast clouds
407,Mirnyy,RU,62.5353,113.9611,50.23,100,53,1.99,broken clouds
408,Nishihara,JP,26.1842,127.7558,82.45,92,75,17.27,moderate rain
409,Shimoda,JP,34.6667,138.95,73.11,92,59,11.59,broken clouds
410,Kapit,MY,2.0167,112.9333,74.44,93,100,1.5,overcast clouds
411,Marshall,US,34.3834,-86.3333,94.06,50,40,8.05,scattered clouds
412,Gazanjyk,TM,39.2446,55.5154,95.5,11,0,10.07,clear sky
413,Dubbo,AU,-32.25,148.6167,41.13,81,40,4.61,scattered clouds
414,Alghero,IT,40.5589,8.3181,86.09,58,0,8.05,clear sky
415,Emerald,AU,-23.5333,148.1667,57.34,80,54,5.99,broken clouds
416,Mvuma,ZW,-19.2792,30.5283,51.39,73,57,7.56,broken clouds
417,Parfino,RU,57.9731,31.6481,57.43,89,88,4.34,overcast clouds
418,Salou,ES,41.0766,1.1416,90.25,55,0,5.99,clear sky
419,Ous,RU,60.9058,61.5186,61.43,88,100,2.73,overcast clouds
420,Gwadar,PK,25.1216,62.3254,88.02,72,100,6.64,overcast clouds
421,Minden,DE,52.2833,8.9167,75.47,31,76,4.61,broken clouds
422,Bundaberg,AU,-24.85,152.35,53.22,99,75,3.44,broken clouds
423,Talnakh,RU,69.4865,88.3972,56.21,71,95,3.85,overcast clouds
424,Los Llanos De Aridane,ES,28.6585,-17.9182,73.13,80,0,16.11,clear sky
425,Kyshtovka,RU,56.555,76.6271,53.83,85,8,7.47,clear sky
426,Coos Bay,US,43.3665,-124.2179,73.31,76,0,19.57,clear sky
427,Dubrajpur,IN,23.8,87.3833,83.7,76,52,10.69,broken clouds
428,Krasnopillya,UA,50.7746,35.2597,57.56,90,72,3.83,light rain
429,Ternate,ID,0.8,127.4,79.12,82,100,5.77,moderate rain
430,Belmonte,BR,-15.8631,-38.8828,77.49,68,25,7.87,scattered clouds
431,Poronaysk,RU,49.2167,143.1167,54.32,97,100,14.72,moderate rain
432,Keti Bandar,PK,24.1447,67.4497,82.85,88,55,13.31,broken clouds
433,Tilichiki,RU,60.4667,166.1,53.24,89,80,5.93,broken clouds
434,Iqaluit,CA,63.7506,-68.5145,45.7,87,100,8.99,overcast clouds
435,Bathsheba,BB,13.2167,-59.5167,86.61,79,20,21.85,few clouds
436,Bukachacha,RU,52.9833,116.9167,59.63,98,99,1.97,overcast clouds
437,Wenling,CN,28.3669,121.36,79.59,95,100,11.36,overcast clouds
438,Agadez,NE,19.75,10.25,96.53,18,10,10.0,clear sky
439,Severomuysk,RU,56.1481,113.4267,45.9,97,100,2.26,overcast clouds
440,Port Macquarie,AU,-31.4333,152.9167,50.9,79,36,6.8,scattered clouds
441,Balikpapan,ID,-1.2675,116.8289,77.99,83,40,2.3,light rain
442,Kawalu,ID,-7.3817,108.2082,72.39,97,100,2.1,overcast clouds
443,Yarada,IN,17.65,83.2667,79.74,90,100,10.4,overcast clouds
444,Grand Gaube,MU,-20.0064,57.6608,70.38,66,41,10.0,scattered clouds
445,Gisborne,NZ,-38.6533,178.0042,45.21,85,94,10.56,overcast clouds
446,Quime,BO,-16.9833,-67.2167,57.24,64,93,8.16,overcast clouds
447,Dakar,SN,14.6937,-17.4441,85.08,75,82,15.5,broken clouds
448,Udgir,IN,18.3833,77.1167,72.48,92,100,13.35,light rain
449,Basco,PH,20.4487,121.9702,84.56,80,82,13.06,broken clouds
450,Ulaangom,MN,49.9811,92.0667,65.84,45,72,3.29,broken clouds
451,Sao Borja,BR,-28.6606,-56.0044,55.94,63,0,2.1,clear sky
452,Dongying,CN,37.4564,118.4856,75.18,84,35,4.83,scattered clouds
453,Inuvik,CA,68.3499,-133.7218,65.8,58,17,9.84,few clouds
454,Dehloran,IR,32.6941,47.2679,102.9,11,0,9.6,clear sky
455,Mount Gambier,AU,-37.8333,140.7667,46.36,78,93,9.89,light rain
456,Udachnyy,RU,66.4167,112.4,50.45,100,100,3.98,overcast clouds
457,Saint-Leu,RE,-21.15,55.2833,69.31,73,47,11.34,scattered clouds
458,Tete,MZ,-16.1564,33.5867,71.22,51,86,3.83,overcast clouds
459,Yairipok,IN,24.6667,94.0667,72.57,96,81,1.32,broken clouds
460,Knysna,ZA,-34.0363,23.0471,72.36,38,0,4.79,clear sky
461,Kaparellion,GR,38.2333,23.2167,84.45,38,0,5.61,clear sky
462,Portland,US,45.5234,-122.6762,72.64,53,75,7.0,broken clouds
463,Shingu,JP,33.7333,135.9833,74.25,87,100,5.3,light rain
464,Tromso,NO,69.6496,18.957,50.02,87,75,5.75,light intensity shower rain
465,Babati,TZ,-4.2167,35.75,58.6,71,69,3.78,broken clouds
466,Banyo,CM,6.75,11.8167,65.46,95,100,3.65,light rain
467,Filimonovo,RU,56.2011,95.4611,59.38,77,100,7.43,light rain
468,Dhidhdhoo,MV,6.8833,73.1,81.61,77,71,17.6,broken clouds
469,Alta Floresta,BR,-9.8756,-56.0861,97.74,17,1,7.34,clear sky
470,Xining,CN,36.6167,101.7667,52.86,90,100,1.45,overcast clouds
471,Burnie,AU,-41.0667,145.9167,39.94,69,47,14.25,scattered clouds
472,Kangaatsiaq,GL,68.3065,-53.4641,41.56,86,12,13.47,few clouds
473,Saint-Joseph,RE,-21.3667,55.6167,66.58,76,64,17.13,light rain
474,Impfondo,CG,1.6381,18.0667,72.59,97,94,3.4,moderate rain
475,Omboue,GA,-1.5746,9.2618,73.45,79,38,9.08,scattered clouds
476,Mecca,SA,21.4267,39.8261,89.51,30,83,6.91,broken clouds
477,Deer Lake,CA,49.1667,-57.4316,71.67,61,68,6.55,broken clouds
478,Smithers,CA,54.7804,-127.1743,66.52,52,54,2.15,broken clouds
479,Chernyshevskiy,RU,63.0128,112.4714,48.83,94,85,1.48,overcast clouds
480,Kropotkin,RU,45.4375,40.5756,75.27,61,32,3.53,light rain
481,Katsuura,JP,35.1333,140.3,76.6,92,37,14.25,scattered clouds
482,Mocuba,MZ,-16.8392,36.9856,63.97,93,52,4.07,broken clouds
483,Siyabuswa,ZA,-25.1132,29.0445,59.63,46,0,4.03,clear sky
484,Aklavik,CA,68.2191,-135.0107,67.1,48,22,6.06,few clouds
485,Beloha,MG,-25.1667,45.05,65.75,74,16,13.76,few clouds
486,Betare Oya,CM,5.6,14.0833,69.04,94,98,2.59,light rain
487,Marrakesh,MA,31.6315,-8.0083,102.27,29,40,9.22,scattered clouds
488,Icatu,BR,-2.7758,-44.0658,86.43,50,80,2.37,broken clouds
489,Kishi,NG,9.0833,3.85,74.52,88,90,4.9,light rain
490,Port-Cartier,CA,50.0334,-66.8654,67.75,58,68,6.15,broken clouds
491,Heihe,CN,50.2441,127.4902,63.18,96,59,2.84,broken clouds
492,Illela,NG,13.7292,5.2975,86.04,53,92,11.43,overcast clouds
493,Ambo,PE,-10.1308,-76.2047,70.97,55,99,7.87,overcast clouds
494,Merauke,ID,-8.4667,140.3333,75.49,88,100,10.33,overcast clouds
495,Kon Tum,VN,14.35,108.0,71.56,99,94,1.59,overcast clouds
496,Les Cayes,HT,18.2,-73.75,88.02,61,5,14.34,clear sky
497,Auray,FR,47.6703,-2.9918,97.56,29,27,6.91,scattered clouds
498,Nazare,BR,-13.035,-39.0144,79.97,57,4,7.2,clear sky
499,Haimen,CN,23.1935,116.6142,81.93,90,100,13.29,overcast clouds
500,Yangjiang,CN,21.85,111.9667,81.32,90,100,7.07,overcast clouds
501,Calhoun,US,42.2506,-85.0005,78.85,62,100,6.91,light rain
502,Hervey Bay,AU,-25.2986,152.8535,61.99,76,100,5.75,overcast clouds
503,Beirut,LB,33.8889,35.4944,83.37,83,20,4.61,few clouds
504,Joshimath,IN,30.5667,79.5667,71.69,89,54,0.94,broken clouds
505,Sosnovo-Ozerskoye,RU,52.5249,111.5418,51.01,55,0,2.51,clear sky
506,Jasper,US,37.2001,-94.3502,97.45,40,20,13.8,few clouds
507,Shelbyville,US,35.4834,-86.4603,92.01,56,0,6.91,clear sky
508,Armidale,AU,-30.5167,151.65,44.58,89,34,10.74,scattered clouds
509,Plettenberg Bay,ZA,-34.0527,23.3716,73.9,34,0,12.95,clear sky
510,Tefe,BR,-3.3542,-64.7114,93.31,62,40,10.36,scattered clouds
511,Pec,XK,42.6591,20.2883,72.61,61,51,3.27,broken clouds
512,Egvekinot,RU,66.3167,-179.1667,34.72,46,74,22.44,broken clouds
513,Dalby,AU,-27.1833,151.2667,55.98,83,85,1.99,overcast clouds
514,Kletnya,RU,53.3897,33.2171,56.05,93,98,3.44,light rain
515,Tokonou,GN,9.65,-9.7833,75.18,92,82,5.06,moderate rain
516,Yakeshi,CN,49.2833,120.7333,61.0,91,100,3.29,overcast clouds
517,The Valley,AI,18.217,-63.0578,87.1,66,40,18.41,scattered clouds
518,Nome,US,64.5011,-165.4064,55.17,66,0,8.05,clear sky
519,Opatija,HR,45.3392,14.3083,84.88,59,2,6.11,clear sky
520,Niono,ML,14.2526,-5.993,90.37,43,85,6.73,overcast clouds
521,Malibu,US,34.005,-118.8101,95.7,62,6,6.89,clear sky
522,Lahaina,US,20.8783,-156.6825,82.4,74,62,9.69,broken clouds
523,Yar-Sale,RU,66.8333,70.8333,58.46,68,78,3.0,broken clouds
524,Altamont,US,42.2068,-121.7372,83.77,40,0,5.75,clear sky
525,Kushiro,JP,42.975,144.3747,64.02,99,100,6.51,overcast clouds
526,Patiya,BD,22.2931,91.9762,79.84,89,83,8.01,broken clouds
527,Key Largo,US,25.0865,-80.4473,93.0,72,76,11.52,light rain
528,Ardmore,US,34.1743,-97.1436,102.85,31,0,8.05,clear sky
529,Pandamatenga,BW,-18.5278,25.627,57.15,45,0,4.12,clear sky
530,Hasaki,JP,35.7333,140.8333,75.6,90,54,9.64,broken clouds
531,Mutoko,ZW,-17.397,32.2268,58.95,52,95,4.94,overcast clouds
532,Kloulklubed,PW,7.0419,134.2556,75.7,76,100,10.38,overcast clouds
533,Ciudad Guayana,VE,8.3533,-62.6528,90.52,68,33,4.23,scattered clouds
534,El Vigia,VE,8.6219,-71.6506,90.34,56,84,5.19,broken clouds
535,Namatanai,PG,-3.6667,152.4333,78.8,80,36,9.06,scattered clouds
536,Kaohsiung,TW,22.6163,120.3133,83.03,87,100,3.94,overcast clouds
537,Bangkalan,ID,-7.0455,112.7351,78.75,84,100,9.22,overcast clouds
538,Ust-Ordynskiy,RU,52.805,104.7508,52.79,90,65,4.03,broken clouds
539,Limbang,MY,4.75,115.0,78.91,86,100,1.16,overcast clouds
540,Maciel,AR,-32.4557,-60.8874,59.47,31,1,13.29,clear sky
541,Kontagora,NG,10.3999,5.4695,75.87,84,99,3.67,overcast clouds
542,Saurimo,AO,-9.6608,20.3916,69.73,32,4,5.64,clear sky
543,Linjiang,CN,41.8069,126.9078,63.16,99,72,1.66,broken clouds
544,Zhuanghe,CN,39.7008,122.9911,69.17,94,1,5.57,clear sky
545,Chute-Aux-Outardes,CA,49.1168,-68.399,69.46,57,58,14.65,broken clouds
546,De-Kastri,RU,51.4667,140.7833,56.19,90,100,3.11,light rain
547,Chumikan,RU,54.7183,135.315,51.69,99,100,6.35,overcast clouds
548,Coxim,BR,-18.5067,-54.76,90.3,33,26,3.67,scattered clouds
549,Stokmarknes,NO,68.5646,14.9108,51.76,87,75,3.44,broken clouds
550,Verkhoshizhemye,RU,58.011,49.1038,61.7,90,25,4.32,scattered clouds
551,Soderhamn,SE,61.3037,17.0592,61.95,54,83,2.33,broken clouds
552,Shitanjing,CN,39.2342,106.3439,75.25,27,98,6.53,overcast clouds
553,Mwinilunga,ZM,-11.7358,24.4293,59.67,42,8,5.17,clear sky
554,San Jose De Rio Tinto,HN,14.9333,-85.7,87.28,50,48,5.66,scattered clouds
555,Te Anau,NZ,-45.4167,167.7167,51.51,84,99,12.66,light rain
556,Namibe,AO,-15.1961,12.1522,65.62,82,5,5.35,clear sky
557,Malakal,SS,9.5334,31.6605,80.22,66,98,1.59,overcast clouds
558,Ngatea,NZ,-37.2833,175.5,44.04,94,88,2.28,overcast clouds
559,Leh,IN,34.1667,77.5833,64.87,48,93,3.76,overcast clouds
560,Rybachiy,RU,48.7073,44.7449,78.66,36,25,4.52,scattered clouds
561,Sao Filipe,CV,14.8961,-24.4956,76.1,79,31,15.32,scattered clouds
562,Quesnel,CA,52.9999,-122.5029,70.29,41,8,4.92,clear sky
563,Vysha,RU,53.8477,42.3777,62.26,93,46,1.39,light rain
564,Tecoanapa,MX,16.5167,-98.75,85.33,62,100,6.53,overcast clouds
565,Santa Cruz,BO,-17.8,-63.1667,59.05,67,100,11.5,overcast clouds
566,Beipiao,CN,41.7919,120.7792,66.43,86,17,5.41,few clouds
567,Waitati,NZ,-45.75,170.5667,52.95,69,100,9.1,overcast clouds
568,Trairi,BR,-3.2778,-39.2689,85.14,61,63,14.43,broken clouds
569,Orlik,RU,52.5178,99.825,51.28,72,56,3.31,broken clouds
570,Lovozero,RU,68.005,35.0117,62.19,65,62,8.12,broken clouds
571,Nianzishan,CN,47.5167,122.8833,64.65,97,98,5.46,overcast clouds
572,Praia Da Vitoria,PT,38.7333,-27.0667,71.85,82,22,12.55,few clouds
573,Mombetsu,JP,44.3525,143.3525,63.61,96,89,3.18,overcast clouds
574,Ascension,US,30.2169,-90.9001,93.2,62,0,0.0,clear sky
575,Rundu,NA,-17.9333,19.7667,58.82,32,0,7.0,clear sky
576,Zhukovka,RU,53.534,33.728,57.47,91,99,2.24,light rain
577,Ostersund,SE,63.1792,14.6357,54.05,87,75,8.05,broken clouds
578,Surt,LY,31.2089,16.5887,80.26,63,0,12.97,clear sky
579,Hambantota,LK,6.1241,81.1185,80.65,78,100,16.49,overcast clouds
580,Evensk,RU,61.95,159.2333,52.83,97,100,2.8,light rain
581,Los Alamos,US,35.8881,-106.307,86.56,29,9,1.99,clear sky
582,Zhigansk,RU,66.7697,123.3711,54.5,68,100,12.01,overcast clouds
583,Zlobin,HR,45.2924,14.6541,76.3,34,0,11.5,clear sky
584,Catalina,US,32.5056,-110.9211,97.12,37,0,5.01,clear sky
585,Honghu,CN,29.8206,113.4621,77.72,80,75,3.78,broken clouds
586,Aykhal,RU,66.0,111.5,49.08,97,100,2.35,overcast clouds
587,Touros,BR,-5.1989,-35.4608,80.44,75,67,17.25,broken clouds
588,Novoilinsk,RU,51.6829,108.7143,56.97,71,66,0.67,broken clouds
589,Nantong,CN,32.0303,120.8747,78.98,92,98,8.3,overcast clouds
590,Eureka,US,40.8021,-124.1637,73.67,82,5,8.77,clear sky
591,Uni,RU,57.7535,51.4923,63.34,85,26,3.62,scattered clouds
592,Plerin,FR,48.5425,-2.7798,91.72,42,0,6.91,clear sky
593,Nizwa,OM,22.9333,57.5333,87.48,57,100,2.57,overcast clouds
594,Anadyr,RU,64.75,177.4833,41.49,44,38,35.12,scattered clouds
595,Lekoni,GA,-1.5843,14.2591,86.25,38,69,3.8,broken clouds
596,Canavieiras,BR,-15.675,-38.9472,78.03,65,32,7.18,scattered clouds
597,San Carlos De Bariloche,AR,-41.1456,-71.3082,37.15,81,75,20.71,broken clouds
598,Ostrovnoy,RU,68.0531,39.5131,61.07,67,38,11.32,scattered clouds
599,Ladario,BR,-19.0047,-57.6017,64.69,55,0,10.36,clear sky
600,Tomatlan,MX,19.9333,-105.25,88.21,57,98,4.25,overcast clouds
601,Karasuk,RU,53.7377,78.0403,58.24,74,52,6.11,broken clouds
602,Scottsbluff,US,41.8666,-103.6672,96.78,35,0,6.91,clear sky
603,Petauke,ZM,-14.2426,31.3253,59.52,56,64,9.82,broken clouds
604,Yaan,NG,7.3833,8.5667,76.51,76,100,4.09,overcast clouds
605,Adeje,ES,28.1227,-16.726,81.21,65,0,23.02,clear sky
606,Lamar,US,33.6668,-95.5836,104.99,39,0,10.36,clear sky
607,Yambio,SS,4.5721,28.3955,69.98,95,84,2.91,light rain
608,Bacungan,PH,9.9106,118.7022,79.27,84,100,4.7,overcast clouds
609,Comodoro Rivadavia,AR,-45.8667,-67.5,48.06,46,0,25.32,clear sky
610,Suntar,RU,62.1444,117.6319,53.1,98,96,2.75,overcast clouds
611,Griffith,US,41.5284,-87.4237,79.25,78,100,0.0,overcast clouds
612,Vilcun,CL,-38.65,-72.2333,47.14,97,100,9.28,overcast clouds
613,Huilong,CN,31.8111,121.655,81.93,94,100,9.64,overcast clouds
614,Lithakia,GR,37.7167,20.8333,90.68,35,20,6.91,few clouds
615,Lalmohan,BD,22.3384,90.7419,83.46,82,54,16.02,broken clouds
616,Nizhniy Baskunchak,RU,48.2198,46.8311,82.94,34,32,16.22,scattered clouds
617,Shache,CN,38.4167,77.2406,82.71,17,0,4.97,clear sky
618,Tambilil,PH,5.9622,124.6697,78.46,82,86,5.57,heavy intensity rain
619,Komsomolskiy,UZ,40.4272,71.7189,84.92,32,0,4.61,clear sky
620,Bheramara,BD,24.0232,88.9925,82.65,79,83,8.81,broken clouds
621,Chunoyar,RU,57.4467,97.3217,57.69,72,70,5.88,broken clouds
622,Jiangkou,CN,25.4872,119.1986,80.71,94,100,7.85,overcast clouds
623,Darnah,LY,32.767,22.6367,79.48,74,0,15.43,clear sky
624,Kozhva,RU,65.1073,57.0459,63.0,91,100,3.13,overcast clouds
625,Claresholm,CA,50.0333,-113.5852,72.21,60,11,12.95,few clouds
626,Mapiri,BO,-15.25,-68.1667,70.59,96,94,3.42,overcast clouds
627,Tongzi,CN,28.7829,105.0877,76.98,90,100,3.47,overcast clouds
628,Campbellsville,US,37.3434,-85.3419,85.14,59,100,3.0,overcast clouds
629,Belyy Yar,RU,53.6039,91.3903,66.09,77,40,13.42,light rain
630,Vatne,NO,62.5667,6.65,56.59,77,93,11.95,overcast clouds
631,Golpayegan,IR,33.4537,50.2884,79.68,10,0,7.18,clear sky
632,Menongue,AO,-14.6585,17.691,58.82,34,2,5.93,clear sky
633,Chara,RU,56.9064,118.2631,59.99,93,98,2.62,light rain
634,Ta Khmau,KH,11.4833,104.95,82.45,83,75,5.75,moderate rain
635,Maceio,BR,-9.6658,-35.7353,81.84,65,75,12.66,broken clouds
636,Shubarkuduk,KZ,49.1447,56.4872,82.0,35,8,7.34,clear sky
637,Oussouye,SN,12.485,-16.5469,83.61,67,72,11.18,broken clouds
638,Strelka,RU,58.0728,93.0344,55.89,92,98,2.57,light rain
639,Kaeo,NZ,-35.1,173.7833,48.33,95,86,4.23,overcast clouds
640,Lancaster,US,40.2504,-76.2499,82.76,76,75,6.91,broken clouds
641,Buin,CL,-33.7333,-70.75,56.88,49,100,1.54,light rain
642,Galeras,CO,9.161,-75.0481,86.59,69,78,5.41,broken clouds
643,Goderich,CA,43.7501,-81.7165,73.9,67,100,5.88,overcast clouds
644,Aqtobe,KZ,50.2797,57.2072,78.89,44,0,8.95,clear sky
645,Kholodnyy,RU,62.7167,147.95,60.06,89,97,4.59,overcast clouds
646,Broken Hill,AU,-31.95,141.4333,42.31,91,7,7.25,clear sky
647,Nara,JP,34.6851,135.8049,79.5,57,75,4.09,moderate rain
648,Yining,CN,29.0361,114.5636,77.07,89,93,1.01,overcast clouds
649,Vestmanna,FO,62.1564,-7.1664,49.12,93,100,10.36,overcast clouds
650,Ndele,CF,8.4109,20.6473,69.66,98,100,3.62,overcast clouds
651,Sinnamary,GF,5.3833,-52.95,82.35,71,78,6.55,broken clouds
652,Margate,GB,51.3813,1.3862,81.1,58,82,12.59,broken clouds
653,Biu,NG,10.6129,12.1946,66.65,95,100,4.14,overcast clouds
654,Kolokani,ML,13.5728,-8.0339,76.46,79,54,3.8,heavy intensity rain
655,Sarangani,PH,5.4033,125.4636,82.65,76,80,14.72,broken clouds
656,Sal,JO,32.5694,35.9119,75.06,62,0,7.74,clear sky
657,Pemba,MZ,-12.974,40.5178,74.16,76,21,12.64,light rain
658,Konnur,IN,16.2,74.75,72.88,89,100,13.24,overcast clouds
659,Port Hawkesbury,CA,45.6169,-61.3485,83.89,46,97,11.99,overcast clouds
660,Buraydah,SA,26.326,43.975,94.37,9,67,8.57,broken clouds
661,Atar,MR,20.5169,-13.0499,113.68,6,8,18.19,clear sky
662,Ca Mau,VN,9.1769,105.15,78.17,90,74,4.03,broken clouds
663,Artyom,AZ,40.4723,50.333,78.94,79,0,16.17,clear sky
664,Avera,US,33.194,-82.5271,90.55,42,0,6.17,clear sky
665,Atambua,ID,-9.1061,124.8925,66.69,83,45,5.53,scattered clouds
666,Kidal,ML,18.4411,1.4078,95.99,29,80,10.36,broken clouds
667,Huangmei,CN,30.1924,116.025,76.59,92,82,4.59,broken clouds
668,Tvoroyri,FO,61.5556,-6.8111,51.64,84,95,24.7,overcast clouds
